{
    "val_signal": 0.09704788924494734,
    "global_mean": 0.09704788924494734,
    "global_variance": 0.0,
    "global_max": 0.09704788924494734,
    "entropy": -0.0
}