{
  "Axis_R1_KMeans": {
    "family": "R1",
    "labels": [
      "OTHER",
      "C_1",
      "UNKNOWN"
    ],
    "metrics": {
      "ig_BoundaryType": 0.057784231173348924,
      "ig_Locality": 0.0036357236879838092,
      "ig_Obstruction": 0.05884610775897617,
      "z_score": 15.67164059975512,
      "p_value": 0.0004,
      "dropout_drift": 0.025872095380077384,
      "leakage_accuracy": 0.9867549668874173,
      "invariance_pass": false
    },
    "decision": "DEAD (Tautological/Leaky)",
    "K3_CANDIDATE_ELIGIBLE": false
  },
  "Axis_R1_Spectral": {
    "family": "R1",
    "labels": [
      "OTHER",
      "S_2",
      "UNKNOWN"
    ],
    "metrics": {
      "ig_BoundaryType": 0.05778423117334893,
      "ig_Locality": 0.0036357236879838092,
      "ig_Obstruction": 0.05884610775897617,
      "z_score": 16.05115353534599,
      "p_value": 0.0006,
      "dropout_drift": 0.024097195266617757,
      "leakage_accuracy": 0.9867549668874173,
      "invariance_pass": false
    },
    "decision": "DEAD (Tautological/Leaky)",
    "K3_CANDIDATE_ELIGIBLE": false
  },
  "Axis_R2_KMeans": {
    "family": "R2",
    "labels": [
      "OTHER",
      "C_1",
      "UNKNOWN"
    ],
    "metrics": {
      "ig_BoundaryType": 0.171411443758535,
      "ig_Locality": 0.01041217134628561,
      "ig_Obstruction": 0.005529597807265835,
      "z_score": 13.917839126559102,
      "p_value": 0.0,
      "dropout_drift": 0.05256224104441828,
      "leakage_accuracy": 0.958904109589041,
      "invariance_pass": false
    },
    "decision": "DEAD (Tautological/Leaky)",
    "K3_CANDIDATE_ELIGIBLE": false
  },
  "Axis_R2_Spectral": {
    "family": "R2",
    "labels": [
      "OTHER",
      "S_2",
      "UNKNOWN"
    ],
    "metrics": {
      "ig_BoundaryType": 0.17141144375853498,
      "ig_Locality": 0.01041217134628561,
      "ig_Obstruction": 0.005529597807265835,
      "z_score": 13.342013700276498,
      "p_value": 0.0,
      "dropout_drift": 0.05037127748047369,
      "leakage_accuracy": 0.958904109589041,
      "invariance_pass": false
    },
    "decision": "DEAD (Tautological/Leaky)",
    "K3_CANDIDATE_ELIGIBLE": false
  },
  "Axis_R3_KMeans": {
    "family": "R3",
    "labels": [
      "C_0",
      "C_1",
      "UNKNOWN",
      "C_2"
    ],
    "metrics": {
      "ig_BoundaryType": 0.6150598114840743,
      "ig_Locality": 0.18682698618589982,
      "ig_Obstruction": 0.0028963526421747626,
      "z_score": 124.90089515673851,
      "p_value": 0.0,
      "dropout_drift": 0.02142483168396814,
      "leakage_accuracy": 0.7582159624413145,
      "invariance_pass": false
    },
    "decision": "DEAD (Fragile Rotation)",
    "K3_CANDIDATE_ELIGIBLE": false
  },
  "Axis_R3_Spectral": {
    "family": "R3",
    "labels": [
      "S_2",
      "S_1",
      "S_0",
      "UNKNOWN"
    ],
    "metrics": {
      "ig_BoundaryType": 0.6282206245078233,
      "ig_Locality": 0.09688762792979239,
      "ig_Obstruction": 0.0015579150135980185,
      "z_score": 129.18341891824193,
      "p_value": 0.0,
      "dropout_drift": 0.020130499803571043,
      "leakage_accuracy": 0.7769953051643192,
      "invariance_pass": false
    },
    "decision": "DEAD (Fragile Rotation)",
    "K3_CANDIDATE_ELIGIBLE": false
  },
  "Axis_R4_KMeans": {
    "family": "R4",
    "labels": [
      "OTHER",
      "UNKNOWN",
      "C_0"
    ],
    "metrics": {
      "ig_BoundaryType": 0.008314740549977427,
      "ig_Locality": 0.0021214939704701924,
      "ig_Obstruction": 0.05217198746386134,
      "z_score": 1.8162311271255223,
      "p_value": 0.0452,
      "dropout_drift": 0.0027107389143343546,
      "leakage_accuracy": 0.9908256880733946,
      "invariance_pass": false
    },
    "decision": "DEAD (Tautological/Leaky)",
    "K3_CANDIDATE_ELIGIBLE": false
  },
  "Axis_R4_Spectral": {
    "family": "R4",
    "labels": [
      "OTHER",
      "S_0",
      "UNKNOWN"
    ],
    "metrics": {
      "ig_BoundaryType": 0.008314740549977427,
      "ig_Locality": 0.0021214939704701924,
      "ig_Obstruction": 0.05217198746386134,
      "z_score": 1.857375752770273,
      "p_value": 0.0426,
      "dropout_drift": 0.00291686069455499,
      "leakage_accuracy": 0.9908256880733946,
      "invariance_pass": false
    },
    "decision": "DEAD (Tautological/Leaky)",
    "K3_CANDIDATE_ELIGIBLE": false
  }
}