{
    "val_signal": 0.21236418971893622,
    "global_mean": 0.21236418971893622,
    "global_variance": 0.0,
    "global_max": 0.21236418971893622,
    "entropy": -0.0
}