{
    "val_signal": 0.6659226011313928,
    "global_mean": 0.6659226011313928,
    "global_variance": 0.0,
    "global_max": 0.6659226011313928,
    "entropy": -0.0
}