{
    "val_signal": 0.5236902649587417,
    "global_mean": 0.5236902649587417,
    "global_variance": 0.0,
    "global_max": 0.5236902649587417,
    "entropy": -0.0
}