{
    "val_signal": 0.8162760606224421,
    "global_mean": 0.8162760606224421,
    "global_variance": 0.0,
    "global_max": 0.8162760606224421,
    "entropy": -0.0
}