{
  "experiment": "oscillator_sync",
  "timestamp": "2026-03-15T22:00:00",
  "features": {
    "sync_index_stats": {
      "mean": 0.7498253976553576,
      "variance": 0.05988428471851115,
      "max": 0.9777969906596665,
      "min": 0.23124600968537415
    },
    "sync_index_entropy": 1.8747454750312833,
    "convergence": 0
  },
  "final_sync": 0.9777969906596665
}