{
    "val_signal": 0.9930497850563624,
    "global_mean": 0.9930497850563624,
    "global_variance": 0.0,
    "global_max": 0.9930497850563624,
    "entropy": -0.0
}