{
    "val_signal": 0.5903183853873547,
    "global_mean": 0.5903183853873547,
    "global_variance": 0.0,
    "global_max": 0.5903183853873547,
    "entropy": -0.0
}