{
    "val_signal": 0.28188775980368797,
    "global_mean": 0.28188775980368797,
    "global_variance": 0.0,
    "global_max": 0.28188775980368797,
    "entropy": -0.0
}