{
    "val_signal": 0.06820480611764268,
    "global_mean": 0.06820480611764268,
    "global_variance": 0.0,
    "global_max": 0.06820480611764268,
    "entropy": -0.0
}